org.ow2.authzforce.core.pdp.impl.test.func.HigherOrderFunctionsTest;testEvaluate
org.ow2.authzforce.core.pdp.impl.test.func.NumericArithmeticFunctionsTest;testEvaluate
org.ow2.authzforce.core.pdp.impl.test.func.LogicalFunctionsTest;testEvaluate
org.ow2.authzforce.core.pdp.impl.test.func.StringFunctionsTest;testEvaluate
org.ow2.authzforce.core.pdp.impl.test.func.NumericConversionFunctionsTest;testEvaluate
org.ow2.authzforce.core.pdp.impl.test.func.SpecialMatchFunctionsTest;testEvaluate
org.ow2.authzforce.core.pdp.impl.test.func.StringConversionFunctionsTest;testEvaluate
org.ow2.authzforce.core.pdp.impl.test.func.DateTimeArithmeticFunctionsTest;testEvaluate
org.ow2.authzforce.core.pdp.impl.test.func.NonNumericComparisonFunctionsTest;testEvaluate
org.ow2.authzforce.core.pdp.impl.test.func.SetFunctionsTest;testEvaluate
org.ow2.authzforce.core.pdp.impl.test.func.BagFunctionsTest;testEvaluate
org.ow2.authzforce.core.pdp.impl.test.func.EqualityFunctionsTest;testEvaluate
org.ow2.authzforce.core.pdp.impl.test.func.RegExpBasedFunctionsTest;testEvaluate
org.ow2.authzforce.core.pdp.impl.test.func.NumericComparisonFunctionsTest;testEvaluate