org.apache.commons.io.FileUtilsTestCase;testCopyDirectoryToItself;testCopyFile1;testCopyFile2;testReadFileToByteArray;testCopyURLToFile;testCopyDirectoryToDirectory_NonExistingDest;testContentEquals;testCopyDirectoryToNonExistingDest;testWriteLines_5argsWithAppendOptionTrue_ShouldNotDeletePreviousFileLines;testCopyDirectoryToGrandChild;testChecksumOnNullChecksum;testMoveFile_CopyDelete;testCopyToSelf;testWriteStringToFileWithEncoding_WithAppendOptionTrue_ShouldNotDeletePreviousFileLines;testWriteLines_3arg_nullSeparator;testReadFileToStringWithDefaultEncoding;testWrite_WithAppendOptionFalse_ShouldDeletePreviousFileLines;testCopyURLToFileWithTimeout;testWriteLinesEncoding_WithAppendOptionTrue_ShouldNotDeletePreviousFileLines;testWriteLines_3argsWithAppendOptionTrue_ShouldNotDeletePreviousFileLines;testMoveFile_CopyDelete_Failed;testWriteWithEncoding_WithAppendOptionTrue_ShouldNotDeletePreviousFileLines;testWriteByteArrayToFile_WithOffsetAndLength_WithAppendOptionTrue_ShouldNotDeletePreviousFileLines;testWriteByteArrayToFile_WithAppendOptionFalse_ShouldDeletePreviousFileLines;testReadFileToStringWithEncoding;testWriteStringToFile_WithAppendOptionTrue_ShouldNotDeletePreviousFileLines;testChecksumDouble;testCopyFileToOutputStream;testCopyFile2WithoutFileDatePreservation;testChecksumCRC32;testCopyDirectoryFiltered;testFileUtils;testCopyDirectoryPreserveDates;testCopyFile1ToDir;testWriteLinesEncoding_WithAppendOptionFalse_ShouldDeletePreviousFileLines;testWriteLines_3argsWithAppendOptionFalse_ShouldDeletePreviousFileLines;testWriteByteArrayToFile_WithOffsetAndLength_WithAppendOptionTrue_ShouldDeletePreviousFileLines;testWriteLines_4arg;testCopyDirectoryErrors;testWriteLines_4argsWithAppendOptionTrue_ShouldNotDeletePreviousFileLines;testChecksum;testWriteByteArrayToFile_WithAppendOptionTrue_ShouldNotDeletePreviousFileLines;testCopyDirectoryToExistingDest;testCopyFile2ToDir;testCopyDirectoryToChild;testWrite_WithAppendOptionTrue_ShouldNotDeletePreviousFileLines;testWriteStringToFileWithEncoding_WithAppendOptionFalse_ShouldDeletePreviousFileLines;testIncorrectOutputSize;testWriteWithEncoding_WithAppendOptionFalse_ShouldDeletePreviousFileLines;testWriteLines_5argsWithAppendOptionFalse_ShouldDeletePreviousFileLines;testMoveDirectory_CopyDelete;testWriteStringToFile_WithAppendOptionFalse_ShouldDeletePreviousFileLines;testWriteLines_4arg_nullSeparator;testWriteLines_4argsWithAppendOptionFalse_ShouldDeletePreviousFileLines
org.apache.commons.io.input.XmlStreamReaderTest;testHttpContent;testRawContent
org.apache.commons.io.input.BoundedInputStreamTest;testReadArray
org.apache.commons.io.input.CountingInputStreamTest;testLargeFiles_IO84
org.apache.commons.io.IOUtilsCopyTestCase;testCopy_readerToOutputStream;testCopy_inputStreamToOutputStream_nullOut;testCopy_readerToWriter_nullIn;testCopy_readerToOutputStream_Encoding_nullEncoding;testCopy_readerToWriter_IO84;testCopy_inputStreamToWriter_Encoding;testCopy_readerToWriter;testCopy_readerToWriter_nullOut;testCopy_inputStreamToWriter_Encoding_nullEncoding;testCopy_inputStreamToWriter;testCopy_inputStreamToOutputStream_IO84;testCopy_inputStreamToWriter_Encoding_nullOut;testCopy_readerToOutputStream_Encoding;testCopy_inputStreamToOutputStream;testCopy_readerToOutputStream_Encoding_nullIn;testCopy_readerToOutputStream_nullIn;testCopy_inputStreamToWriter_nullOut;testCopy_inputStreamToOutputStreamWithBufferSize;testCopy_inputStreamToOutputStream_nullIn
org.apache.commons.io.output.CountingOutputStreamTest;testLargeFiles_IO84
org.apache.commons.io.IOUtilsTestCase;testToByteArray_String;testToByteArray_Reader;testCopy_ByteArray_OutputStream;testToString_ByteArray;testToCharArray_InputStream;testToString_InputStream;testToByteArray_URLConnection;testStringToOutputStream;testCopy_String_Writer;testToString_URI;testToCharArray_InputStream_CharsetName;testToString_URL;testToByteArray_InputStream;testToByteArray_URL;testToString_URI_CharsetName;testToCharArray_Reader;testToByteArray_URI;testToBufferedInputStreamWithBufferSize_InputStream;testToInputStream_String;testCopy_ByteArray_Writer;testToString_URL_CharsetName;testToString_URI_CharsetNameNull;testToInputStream_CharSequence;testToString_Reader;testToString_URL_CharsetNameNull;testToBufferedInputStream_InputStream
org.apache.commons.io.output.DeferredFileOutputStreamTest;testTempFileAboveThresholdPrefixOnly;testTempFileAboveThreshold;testWriteToLarge;testAboveThreshold;testThresholdReached
org.apache.commons.io.output.ByteArrayOutputStreamTestCase;testToInputStreamWithReset;testToInputStream
org.apache.commons.io.input.CharSequenceInputStreamTest;testMarkReset_USASCII;testIO_356_B10_D13_S1_UTF8;testIO_356_B10_D20_S0_UTF8;testMarkReset_UTF8;testIO_356_B10_D10_S2_UTF8;testIO_356_Loop_UTF16;testIO_356_B10_D10_S0_UTF16;testIO_356_B10_D10_S1_UTF8;testIO_356_Loop_UTF8;testIO_356_B10_D13_S0_UTF8;testIO_356_B10_D10_S0_UTF8
org.apache.commons.io.input.ReversedLinesFileReaderTestParamBlockSize;testUnsupportedEncodingBig5;testUnsupportedEncodingUTF16
org.apache.commons.io.input.ReversedLinesFileReaderTestSimple;testUnsupportedEncodingBig5;testUnsupportedEncodingUTF16