org.apache.pdfbox.pdmodel.interactive.annotation.AppearanceGenerationTest;renderTest
org.apache.pdfbox.pdmodel.font.PDFontTest;testPDFBox988;testPDFBox3826
org.apache.pdfbox.pdmodel.interactive.form.PDAcroFormTest;testFlattenWidgetNoRef;testFlatten
org.apache.pdfbox.pdmodel.graphics.image.PDInlineImageTest;testInlineImage
org.apache.pdfbox.pdmodel.font.TestFontEmbedding;testBengali
org.apache.pdfbox.pdmodel.interactive.form.MultilineFieldsTest;fillFields
org.apache.pdfbox.pdfparser.TestPDFParser;testPDFBox3950
org.apache.pdfbox.multipdf.PDFMergerUtilityTest;testPDFMergerUtility2;testJpegCcitt;testPDFMergerUtility
org.apache.pdfbox.pdmodel.interactive.form.AlignmentTest;fillFields
org.apache.pdfbox.pdmodel.interactive.form.AcroFormsRotationTest;fillFields
org.apache.pdfbox.rendering.TestRendering;render
org.apache.pdfbox.pdmodel.graphics.image.LosslessFactoryTest;testCreateLosslessFromImageRGB;testCreateLosslessFromImageCMYK;testCreateLosslessFromImageINT_ARGB;testCreateLosslessFromImage4BYTE_ABGR;testCreateLosslessFromTransparentGIF;testCreateLosslessFromImageBITMASK4BYTE_ABGR;testCreateLosslessFromGovdocs032163;testCreateLosslessFromImageBITMASK_INT_ARGB;testCreateLosslessFrom16Bit;testCreateLosslessFrom16BitPNG
org.apache.pdfbox.pdmodel.graphics.image.JPEGFactoryTest;testCreateFromStream256;testCreateFromImage256;testCreateFromImage4BYTE_ABGR;testCreateFromImageRGB;testCreateFromStream;testCreateFromStreamCMYK;testCreateFromImageINT_ARGB