com.github.mustachejava.InterpreterTest;testObjectArray;testReadmeSerial;testNestedLatches;testMultipleCallsWithDifferentMapScopes;testNumber0IsFalse;testReadme;testConcurrency;testSimpleWithMap;testSimpleI18N;testIsNotEmpty;testSingleCurly;testComplexParallel;testFunctions;testDeferred;testSerialCallable;testLeavingAloneMissingVariables;testIterator;testDynamicPartial;testImmutableList;testMultipleCallsWithDifferentScopes;testAccessTracker;testOverrideValueCode;testCR;testNestedLatchesIterable;testPartialRecursionWithInheritance;testSimple;testRecurision;testPartialWithTF;testPrivate;testOptional;testSimplePragma;testComment;testSuperField;testSecurity;testSimpleFiltered;testRelativePathsTemplateFunction;testNestedAccessWithSimpleObjectHandler;testProperties;testMap;testMultipleWrappers;testTemplateFunctionWithData;testReadmeParallel;testBaseArray;testTemplateFunctionWithImplicitParams;testTemplateFunction;testRecursionWithInheritance;testPropertyWithDot;testEmptyString;testNotIterableCallable;testImplicitIteratorWithScope;testComplex
com.github.mustachejava.ConcurrencyTest;testConcurrentExecution;testConcurrentExecutionWithConcurrentTemplate
com.github.mustachejavabenchmarks.JsonInterpreterTest;testContextPrecedence;testSingleThreadedClass;testMultithreaded;testSingleThreaded
com.github.mustachejava.Issue75Test;testDotNotationWithNull
com.github.mustachejava.SpecTest;delimiters;lambdas;inverted;sections;partials;interpolations
com.github.mustachejava.NestedPartialTest;should_handle_more_than_one_level_of_partial_nesting
com.github.mustachejava.functions.BundleFunctionsTest;testPostNullLabels;testPostLabels;testPreLabels;testPreNullLabels
com.github.mustachejavabenchmarks.BenchmarkTest;testComplexFlapping;testParallelComplexNoExecutor;testParallelComplex;testCompiler;testComplex
com.github.mustachejava.FallbackTest;testOverridePage2;testOverridePage1;testDefaultPage1
com.github.mustachejava.ExamplesTest;testExpressionsInNames
com.github.mustachejavabenchmarks.simple.SimpleJsonInterpreterTest;testContextPrecedence
com.github.mustachejava.ExtensionTest;testSubInPartial;testSubSub;testMultipleExtensions;testSub;testPartialInSub;testClientMethod
com.github.mustachejava.ArraysIndexesTest;testArrayIndexExtension
com.github.mustachejava.MultipleRecursivePartialsTest;shouldHandleTemplateWithMultipleRecursivePartials
com.github.mustachejava.functions.CommentTest;testCommentInline;testCommentBlock
com.github.mustachejava.TestWrapperCaching;testMultiScopeInitialMiss2;testMultiScopeInitialMiss;testMultiScopeInitialHit2;testMultiScopeInitialHit;testMapInitialMiss;testInitialMiss
com.github.mustachejava.ExplicitMapNullTest;textExplicitNullMapValue
com.github.mustachejava.AbstractClassTest;testAbstractClass;testAbstractClassNoDots
com.github.mustachejava.AbsolutePartialReferenceTest;should_load_teamplates_with_absolute_references_using_classloader;should_load_teamplates_with_absolute_references_using_filepath
com.github.mustachejava.inverter.InverterTest;testIterable
com.github.mustachejava.DotNotationTest;testIncompleteMapPath;testIncompleteObjectPath;testAlmostCompleteMapPath;testAlmostCompleteObjectPath
com.github.mustachejava.PolymorphicClassTest;testPolyClass
com.github.mustachejava.FailOnMissingTest;testFail
com.github.mustachejava.functions.TranslateBundleTest;testTranslation
com.github.mustachejava.DelimiterTest;testMavenDelimiter;testAntDelimiter
com.github.mustachejava.PreTranslateTest;testPretranslate
com.github.mustachejava.util.DecoratedCollectionTest;testIndexLastFirst;testObjectHandler
com.github.mustachejava.MapNonGetMethodsTest;testMethodAccessAllowed;testWrapperCaching;testKeyValues;testMethodAccessDisallowed
com.github.mustachejava.ConvertMethodsToFunctionsTest;testConvert
com.github.mustachejava.inverter.InvertToJsonTest;testToJson3
com.github.mustachejava.resolver.ClasspathResolverTest;getReaderNullRootDoesNotFindFileWithAbsolutePath;getReaderWithRootAndNullResource;getReaderWithRootThatHasTrailingForwardSlashAndResourceHasAbsolutePath;getReaderWithRootAndResourceHasAbsolutePath